Workbook

Sheet Player Data
A1: Player | B1: Season | C1: Team | D1: Position | E1: Age | F1: GP | G1: MPG | H1: Salary | I1: Salary Tier | J1: Play Level Tier | K1: Salary % of Cap | L1: WS per $1M | M1: VORP per $1M | N1: BPM per $1M | O1: PPG | P1: RPG | Q1: APG | R1: PPG per 100 | S1: TS% | T1: 3P% | U1: 3PAr | V1: FTR | W1: FT% | X1: TOV% | Y1: USG% | Z1: AST% | AA1: ORB% | AB1: DRB% | AC1: TRB% | AD1: STL% | AE1: BLK% | AF1: OWS | AG1: DWS | AH1: WS | AI1: BPM | AJ1: VORP
A2: Trae Young | B2: 2019-20 | C2: Atlanta Hawks | D2: PG | E2: 21 | F2: 81 | G2: 30.9 | H2: 6273000 | I2: Low-Cost Rotation | K2: =H2/'Salary Cap'!B37 -> 0.057476636 | L2: =AH2/(H2/1000000) -> 0.94053882 | M2: =AJ2/(H2/1000000) -> 0.49418141 | N2: =AI2/(H2/1000000) -> 0.6217121 | O2: 29.6 | P2: 4.3 | Q2: 9.3 | R2: 39.1 | S2: 0.595 | T2: 0.361 | U2: 0.455 | V2: 0.448 | W2: 0.86 | X2: 0.162 | Y2: 0.349 | Z2: 0.456 | AA2: 0.016 | AB2: 0.115 | AC2: 0.065 | AD2: 0.014 | AE2: 0.003 | AF2: 5.3 | AG2: 0.6 | AH2: 5.9 | AI2: 3.9 | AJ2: 3.1
A3: Walker Kessler | B3: 2024-25 | C3: Utah Jazz | D3: C | E3: 23 | F3: 58 | G3: 58 | H3: 2965920 | I3: Minimum | J3: NA | K3: =H3/'Salary Cap'!B42 -> 0.021096537 | L3: =AH3/(H3/1000000) -> 1.820683 | M3: =AJ3/(H3/1000000) -> 0.57317797 | N3: =AI3/(H3/1000000) -> 0.60689432 | O3: 11.1 | P3: 12.2 | Q3: 1.7 | R3: 17.7 | S3: 0.66 | T3: 0.176 | U3: 0.081 | V3: 0.363 | W3: 0.52 | X3: 0.15 | Y3: 0.137 | Z3: 0.083 | AA3: 0.166 | AB3: 0.271 | AC3: 0.219 | AD3: 0.01 | AE3: 0.074 | AF3: 3.6 | AG3: 1.8 | AH3: 5.4 | AI3: 1.8 | AJ3: 1.7
A4: Victor Wembanyama | B4: 2025-26 | C4: San Antonio Spurs | D4: C | E4: 22 | F4: 16 | G4: 31.1 | H4: 13376880 | I4: Mid-Level Value | K4: =H4/'Salary Cap'!B43 -> 0.086499447 | L4: =AH4/(H4/1000000) -> 0.15698728 | M4: =AJ4/(H4/1000000) -> 0.089707017 | N4: =AI4/(H4/1000000) -> 0.59057119 | O4: 24.4 | P4: 12.3 | Q4: 3.7 | R4: 37.6 | S4: 0.614 | T4: 0.348 | U4: 0.255 | V4: 0.399 | W4: 0.824 | X4: 0.145 | Y4: 0.314 | Z4: 0.194 | AA4: 0.073 | AB4: 0.355 | AC4: 0.216 | AD4: 0.014 | AE4: 0.095 | AF4: 0.8 | AG4: 1.2 | AH4: 2.1 | AI4: 7.9 | AJ4: 1.2
A5: Jordan Poole | B5: 2021-22 | C5: Golden State Warriors | D5: SG | E5: 22 | F5: 76 | G5: 30 | H5: 2161440 | I5: Minimum | J5: NA | K5: =H5/'Salary Cap'!B39 -> 0.019227498 | L5: =AH5/(H5/1000000) -> 2.7759272 | M5: =AJ5/(H5/1000000) -> 0.7865127 | N5: =AI5/(H5/1000000) -> 0.46265453 | O5: 18.5 | P5: 3.4 | Q5: 4 | R5: 30 | S5: 0.598 | T5: 0.364 | U5: 0.548 | V5: 0.251 | W5: 0.925 | X5: 0.137 | Y5: 0.26 | Z5: 0.21 | AA5: 0.017 | AB5: 0.105 | AC5: 0.062 | AD5: 0.013 | AE5: 0.01 | AF5: 1.3 | AG5: -0.3 | AH5: 6 | AI5: 1 | AJ5: 1.7
A6: Jalen Duren | B6: 2025-26 | C6: Detroit Pistons | D6: C | E6: 22 | F6: 25 | G6: 29 | H6: 6483144 | I6: Low-Cost Rotation | J6: NA | K6: =H6/'Salary Cap'!B43 -> 0.04192221 | L6: =AH6/(H6/1000000) -> 0.50901229 | M6: =AJ6/(H6/1000000) -> 0.12339692 | N6: =AI6/(H6/1000000) -> 0.37019076 | O6: 18 | P6: 11 | Q6: 1.7 | R6: 29.6 | S6: 0.667 | T6: 0 | U6: 0 | V6: 0.551 | W6: 0.74 | X6: 0.146 | Y6: 0.222 | Z6: 0.09 | AA6: 0.16 | AB6: 0.252 | AC6: 0.207 | AD6: 0.014 | AE6: 0.031 | AF6: 2 | AG6: 1.3 | AH6: 3.3 | AI6: 2.4 | AJ6: 0.8
A7: Shai Gilgeous-Alexander | B7: 2024-25 | C7: Oklahoma City Thunder | D7: PG | E7: 26 | F7: 76 | G7: 34.2 | H7: 35859950 | I7: Near Max | J7: Max Contract | K7: =H7/'Salary Cap'!B42 -> 0.2550712 | L7: =AH7/(H7/1000000) -> 0.46570059 | M7: =AJ7/(H7/1000000) -> 0.24818774 | N7: =AI7/(H7/1000000) -> 0.32069203 | O7: 32.7 | P7: 5 | Q7: 6.4 | R7: 45.9 | S7: 0.637 | T7: 0.375 | U7: 0.263 | V7: 0.404 | W7: 0.898 | X7: 0.086 | Y7: 0.348 | Z7: 0.313 | AA7: 0.028 | AB7: 0.126 | AC7: 0.078 | AD7: 0.024 | AE7: 0.03 | AF7: 11.9 | AG7: 4.8 | AH7: 16.7 | AI7: 11.5 | AJ7: 8.9
A8: Nikola Jokic | B8: 2025-26 | C8: Denver Nuggets | D8: C | E8: 30 | F8: 27 | G8: 34.9 | H8: 51415938 | I8: Max Contract | K8: =H8/'Salary Cap'!B43 -> 0.33247291 | L8: =AH8/(H8/1000000) -> 0.14197932 | M8: =AJ8/(H8/1000000) -> 0.083631655 | N8: =AI8/(H8/1000000) -> 0.30924263 | O8: 29.4 | P8: 12.1 | Q8: 10.7 | R8: 41 | S8: 0.709 | T8: 0.421 | U8: 0.281 | V8: 0.411 | W8: 0.841 | X8: 0.146 | Y8: 0.3 | Z8: 0.489 | AA8: 0.099 | AB8: 0.285 | AC8: 0.197 | AD8: 0.019 | AE8: 0.02 | AF8: 5.9 | AG8: 1.4 | AH8: 7.3 | AI8: 15.9 | AJ8: 4.3
A9: Cade Cunningham | B9: 2024-25 | C9: Detroit Pistons | D9: PG | E9: 23 | F9: 70 | G9: 35 | H9: 13940809 | I9: Mid-Level Value | K9: =H9/'Salary Cap'!B42 -> 0.099160732 | L9: =AH9/(H9/1000000) -> 0.42321791 | M9: =AJ9/(H9/1000000) -> 0.26540784 | N9: =AI9/(H9/1000000) -> 0.27975421 | O9: 26.1 | P9: 6.1 | Q9: 9.1 | R9: 35.9 | S9: 0.565 | T9: 0.356 | U9: 0.287 | V9: 0.254 | W9: 0.846 | X9: 0.16 | Y9: 0.332 | Z9: 0.43 | AA9: 0.025 | AB9: 0.165 | AC9: 0.996 | AD9: 0.014 | AE9: 0.021 | AF9: 3 | AG9: 2.9 | AH9: 5.9 | AI9: 3.9 | AJ9: 3.7
A10: Nikola Jokic | B10: 2023-24 | C10: Denver Nuggets | D10: C | E10: 28 | F10: 79 | G10: 34.6 | H10: 47607350 | I10: Max Contract | K10: =H10/'Salary Cap'!B41 -> 0.35 | L10: =AH10/(H10/1000000) -> 0.35708772 | M10: =AJ10/(H10/1000000) -> 0.2226547 | N10: =AI10/(H10/1000000) -> 0.27726811 | O10: 26.4 | P10: 12.4 | Q10: 9 | R10: 37.8 | S10: 0.65 | T10: 0.359 | U10: 0.164 | V10: 0.31 | W10: 0.817 | X10: 0.129 | Y10: 0.293 | Z10: 0.42 | AA10: 0.093 | AB10: 0.296 | AC10: 0.198 | AD10: 0.02 | AE10: 0.021 | AF10: 12 | AG10: 5.1 | AH10: 17 | AI10: 13.2 | AJ10: 10.6
A11: De'Aaron Fox | B11: 2018-19 | C11: Sacramento Kings | D11: PG | E11: 21 | F11: 81 | G11: 31.4 | H11: 5470820 | I11: Low-Cost Rotation | J11: NA | K11: =H11/'Salary Cap'!B36 -> 0.053704464 | L11: =AH11/(H11/1000000) -> 1.0236125 | M11: =AJ11/(H11/1000000) -> 0.4204123 | N11: =AI11/(H11/1000000) -> 0.27418193 | O11: 17.3 | P11: 3.8 | Q11: 7.3 | R11: 25.6 | S11: 0.544 | T11: 0.371 | U11: 0.211 | V11: 0.378 | W11: 0.727 | X11: 0.15 | Y11: 0.245 | Z11: 0.332 | AA11: 0.017 | AB11: 0.108 | AC11: 0.062 | AD11: 0.024 | AE11: 0.015 | AF11: 3.2 | AG11: 2.5 | AH11: 5.6 | AI11: 1.5 | AJ11: 2.3
A12: Ivica Zubac | B12: 2024-25 | C12: Los Angeles Clippers | D12: C | E12: 27 | F12: 80 | G12: 80 | H12: 11743210 | I12: Mid-Level Value | J12: NA | K12: =H12/'Salary Cap'!B42 -> 0.083529249 | L12: =AH12/(H12/1000000) -> 0.99632043 | M12: =AJ12/(H12/1000000) -> 0.28952901 | N12: =AI12/(H12/1000000) -> 0.26398234 | O12: 16.8 | P12: 12.6 | Q12: 2.7 | R12: 25.1 | S12: 0.641 | T12: 0 | U12: 0 | V12: 0.251 | W12: 0.661 | X12: 0.108 | Y12: 0.195 | Z12: 0.128 | AA12: 0.131 | AB12: 0.302 | AC12: 0.218 | AD12: 0.01 | AE12: 0.034 | AF12: 7 | AG12: 4.7 | AH12: 11.7 | AI12: 3.1 | AJ12: 3.4
A13: Clint Capela | B13: 2018-19 | C13: Houston Rockets | D13: C | E13: 25 | F13: 67 | G13: 33.6 | H13: 15293104 | I13: Starter / Core | J13: NA | K13: =H13/'Salary Cap'!B36 -> 0.1501252 | L13: =AH13/(H13/1000000) -> 0.70620065 | M13: =AJ13/(H13/1000000) -> 0.18308906 | N13: =AI13/(H13/1000000) -> 0.19616685 | O13: 16.6 | P13: 12.7 | Q13: 1.4 | R13: 24.3 | S13: 0.658 | T13: 0 | U13: 0 | V13: 0.357 | W13: 0.636 | X13: 0.1 | Y13: 0.182 | Z13: 0.071 | AA13: 0.144 | AB13: 0.276 | AC13: 0.208 | AD13: 0.01 | AE13: 0.039 | AF13: 7.8 | AG13: 3 | AH13: 10.8 | AI13: 3 | AJ13: 2.8
A14: Jarrett Allen | B14: 2021-22 | C14: Cleveland Cavaliers | D14: C | E14: 24 | F14: 56 | G14: 32.3 | H14: 20000000 | I14: Starter / Core | J14: NA | K14: =H14/'Salary Cap'!B39 -> 0.17791378 | L14: =AH14/(H14/1000000) -> 0.425 | M14: =AJ14/(H14/1000000) -> 0.135 | N14: =AI14/(H14/1000000) -> 0.195 | O14: 16.1 | P14: 10.8 | Q14: 1.6 | R14: 25 | S14: 0.698 | T14: 0.1 | U14: 0.018 | V14: 0.458 | W14: 0.708 | X14: 0.127 | Y14: 0.181 | Z14: 0.082 | AA14: 0.12 | AB14: 0.245 | AC14: 0.184 | AD14: 0.012 | AE14: 0.037 | AF14: 5.4 | AG14: 3 | AH14: 8.5 | AI14: 3.9 | AJ14: 2.7
A15: Stephen Curry | B15: 2021-22 | C15: Golden State Warriors | D15: PG | E15: 34 | F15: 64 | G15: 34.5 | H15: 45780966 | I15: Max Contract | J15: Max Contract | K15: =H15/'Salary Cap'!B39 -> 0.40725324 | L15: =AH15/(H15/1000000) -> 0.19658825 | M15: =AJ15/(H15/1000000) -> 0.12669021 | N15: =AI15/(H15/1000000) -> 0.19003531 | O15: 25.5 | P15: 5.2 | Q15: 6.3 | R15: 35.9 | S15: 0.655 | T15: 0.38 | U15: 0.587 | V15: 0.289 | W15: 0.923 | X15: 0.122 | Y15: 0.348 | Z15: 0.305 | AA15: 0.015 | AB15: 0.154 | AC15: 0.085 | AD15: 0.017 | AE15: 0.003 | AF15: 6.5 | AG15: 2.5 | AH15: 9 | AI15: 8.7 | AJ15: 5.8
A16: Jalen Johnson | B16: 2025-26 | C16: Atlanta Hawks | D16: SF | E16: 24 | F16: 27 | G16: 35.1 | H16: 30000000 | I16: Starter / Core | K16: =H16/'Salary Cap'!B43 -> 0.19399018 | L16: =AH16/(H16/1000000) -> 0.12 | M16: =AJ16/(H16/1000000) -> 0.06 | N16: =AI16/(H16/1000000) -> 0.18 | O16: 23.8 | P16: 10.5 | Q16: 8.2 | R16: 31.9 | S16: 0.626 | T16: 0.393 | U16: 0.253 | V16: 0.364 | W16: 0.832 | X16: 0.154 | Y16: 0.267 | Z16: 0.355 | AA16: 0.05 | AB16: 0.281 | AC16: 0.166 | AD16: 0.02 | AE16: 0.01 | AF16: 2.3 | AG16: 1.3 | AH16: 3.6 | AI16: 5.4 | AJ16: 1.8
A17: Luka Doncic | B17: 2025-26 | C17: Los Angeles Lakers | D17: PG | E17: 26 | F17: 21 | G17: 36.6 | H17: 45999660 | I17: Near Max | K17: =H17/'Salary Cap'!B43 -> 0.29744942 | L17: =AH17/(H17/1000000) -> 0.071739661 | M17: =AJ17/(H17/1000000) -> 0.043478582 | N17: =AI17/(H17/1000000) -> 0.17391433 | O17: 34.1 | P17: 8.6 | Q17: 8.8 | R17: 45.1 | S17: 0.605 | T17: 0.32 | U17: 0.463 | V17: 0.529 | W17: 0.807 | X17: 0.129 | Y17: 0.381 | Z17: 0.41 | AA17: 0.028 | AB17: 0.24 | AC17: 0.138 | AD17: 0.021 | AE17: 0.014 | AF17: 2.4 | AG17: 0.9 | AH17: 3.3 | AI17: 8 | AJ17: 2
A18: Ausar Thompson | B18: 2025-26 | C18: Detroit Pistons | D18: SF | E18: 23 | F18: 24 | G18: 26.6 | H18: 8775000 | I18: Low-Cost Rotation | K18: =H18/'Salary Cap'!B43 -> 0.056742129 | L18: =AH18/(H18/1000000) -> 0.18233618 | M18: =AJ18/(H18/1000000) -> 0.068376068 | N18: =AI18/(H18/1000000) -> 0.17094017 | O18: 11.5 | P18: 5.7 | Q18: 2.8 | R18: 20.7 | S18: 0.543 | T18: 0.313 | U18: 0.073 | V18: 0.374 | W18: 0.537 | X18: 0.127 | Y18: 0.186 | Z18: 0.146 | AA18: 0.083 | AB18: 0.15 | AC18: 0.117 | AD18: 0.027 | AE18: 0.029 | AF18: 0.5 | AG18: 1.1 | AH18: 1.6 | AI18: 1.5 | AJ18: 0.6
A19: Cade Cunningham | B19: 2025-26 | C19: Detroit Pistons | D19: PG | E19: 24 | F19: 25 | G19: 36.2 | H19: 46394100 | I19: Max Contract | J19: Max Contract | K19: =H19/'Salary Cap'!B43 -> 0.3 | L19: =AH19/(H19/1000000) -> 0.071129734 | M19: =AJ19/(H19/1000000) -> 0.040953483 | N19: =AI19/(H19/1000000) -> 0.13363768 | O19: 27 | P19: 6.4 | Q19: 9.2 | R19: 35.6 | S19: 0.56 | T19: 0.317 | U19: 0.308 | V19: 0.346 | W19: 0.829 | X19: 0.132 | Y19: 0.313 | Z19: 0.401 | AA19: 0.04 | AB19: 0.15 | AC19: 0.096 | AD19: 0.019 | AE19: 0.022 | AF19: 1.9 | AG19: 1.4 | AH19: 3.3 | AI19: 6.2 | AJ19: 1.9
A20: Amen Thompson | B20: 2025-26 | C20: Houston Rockets | D20: SF | E20: 23 | F20: 26 | G20: 26 | H20: 9690600 | I20: Low-Cost Rotation | K20: =H20/'Salary Cap'!B43 -> 0.062662709 | L20: =AH20/(H20/1000000) -> 0.2889398 | M20: =AJ20/(H20/1000000) -> 0.072234949 | N20: =AI20/(H20/1000000) -> 0.11351206 | O20: 17.5 | P20: 7.2 | Q20: 5.3 | R20: 23.5 | S20: 0.558 | T20: 0.192 | U20: 0.144 | V20: 0.299 | W20: 0.796 | X20: 0.141 | Y20: 0.204 | Z20: 0.202 | AA20: 0.082 | AB20: 0.136 | AC20: 0.11 | AD20: 0.019 | AE20: 0.014 | AF20: 1.6 | AG20: 1.1 | AH20: 2.8 | AI20: 1.1 | AJ20: 0.7
A21: Jalen Brunson | B21: 2025-26 | C21: New York Knicks | D21: PG | E21: 29 | F21: 25 | G21: 25 | H21: 34944001 | I21: Starter / Core | J21: NA | K21: =H21/'Salary Cap'!B43 -> 0.22595977 | L21: =AH21/(H21/1000000) -> 0.10016025 | M21: =AJ21/(H21/1000000) -> 0.034340658 | N21: =AI21/(H21/1000000) -> 0.10302198 | O21: 28.4 | P21: 3.4 | Q21: 6.5 | R21: 39.5 | S21: 0.591 | T21: 0.368 | U21: 0.35 | V21: 0.313 | W21: 0.836 | X21: 0.085 | Y21: 0.314 | Z21: 0.301 | AA21: 0.021 | AB21: 0.087 | AC21: 0.053 | AD21: 0.011 | AE21: 0.002 | AF21: 2.8 | AG21: 0.6 | AH21: 3.5 | AI21: 3.6 | AJ21: 1.2
A22: Scottie Barnes | B22: 2025-26 | C22: Toronto Raptors | D22: PF | E22: 24 | F22: 30 | G22: 33.9 | H22: 38661850 | I22: Near Max | K22: =H22/'Salary Cap'!B43 -> 0.25000065 | L22: =AH22/(H22/1000000) -> 0.072422815 | M22: =AJ22/(H22/1000000) -> 0.036211407 | N22: =AI22/(H22/1000000) -> 0.093115048 | O22: 19.1 | P22: 8 | Q22: 5.1 | R22: 27.3 | S22: 0.579 | T22: 0.367 | U22: 0.243 | V22: 0.234 | W22: 0.819 | X22: 0.138 | Y22: 0.24 | Z22: 0.227 | AA22: 0.072 | AB22: 0.192 | AC22: 0.132 | AD22: 0.02 | AE22: 0.049 | AF22: 1.1 | AG22: 1.7 | AH22: 2.8 | AI22: 3.6 | AJ22: 1.4
A23: Evan Mobley | B23: 2025-26 | C23: Cleveland Cavaliers | D23: PF | E23: 24 | F23: 25 | G23: 34.2 | H23: 46394100 | I23: Max Contract | K23: ='Player Data'!H19/'Salary Cap'!B43 -> 0.3 | L23: =AH23/(H23/1000000) -> 0.051730716 | M23: =AJ23/(H23/1000000) -> 0.021554465 | N23: =AI23/(H23/1000000) -> 0.051730716 | O23: 19.1 | P23: 9.3 | Q23: 4.1 | R23: 26.5 | S23: 0.576 | T23: 0.352 | U23: 0.306 | V23: 0.394 | W23: 0.64 | X23: 0.119 | Y23: 0.227 | Z23: 0.18 | AA23: 0.078 | AB23: 0.219 | AC23: 0.146 | AD23: 0.013 | AE23: 0.044 | AF23: 1.2 | AG23: 1.2 | AH23: 2.4 | AI23: 2.4 | AJ23: 1
A24: Jamal Murray | B24: 2024-25 | C24: Denver Nuggets | D24: PG | E24: 27 | F24: 67 | G24: 36.1 | H24: 36016200 | I24: Max Contract | J24: NA | K24: =H24/'Salary Cap'!B42 -> 0.2561826 | L24: =AH24/(H24/1000000) -> 0.17214476 | M24: =AJ24/(H24/1000000) -> 0.047200982 | N24: =AI24/(H24/1000000) -> 0.022212227 | O24: 21.4 | P24: 3.9 | Q24: 6 | R24: 28.6 | S24: 0.584 | T24: 0.393 | U24: 0.354 | V24: 0.219 | W24: 0.886 | X24: 0.101 | Y24: 0.24 | Z24: 0.232 | AA24: 0.022 | AB24: 0.093 | AC24: 0.059 | AD24: 0.018 | AE24: 0.012 | AF24: 4.6 | AG24: 1.6 | AH24: 6.2 | AI24: 0.8 | AJ24: 1.7
A25: De'Aaron Fox | B25: 2024-25 | C25: San Antonio Spurs | D25: PG | E25: 27 | F25: 62 | G25: 36.1 | H25: 34848340 | I25: Starter / Core | J25: NA | K25: =H25/'Salary Cap'!B42 -> 0.24787564 | L25: =AH25/(H25/1000000) -> 0.12339182 | M25: =AJ25/(H25/1000000) -> 0.037304503 | N25: =AI25/(H25/1000000) -> 0.011478309 | O25: 23.5 | P25: 4.8 | Q25: 6.3 | R25: 31.7 | S25: 0.56 | T25: 0.31 | U25: 0.328 | V25: 0.273 | W25: 0.827 | X25: 0.118 | Y25: 0.283 | Z25: 0.272 | AA25: 0.027 | AB25: 0.121 | AC25: 0.074 | AD25: 0.02 | AE25: 0.011 | AF25: 2.6 | AG25: 1.7 | AH25: 4.3 | AI25: 0.4 | AJ25: 1.3
A26: Tobias Harris | B26: 2025-26 | C26: Detroit Pistons | D26: SF | E26: 33 | F26: 18 | G26: 28.6 | H26: 26634146 | I26: Starter / Core | K26: =H26/'Salary Cap'!B43 -> 0.17222543 | L26: =AH26/(H26/1000000) -> 0.048809524 | M26: =AJ26/(H26/1000000) -> 0.011263736 | N26: =AI26/(H26/1000000) -> 0 | O26: 13.6 | P26: 5 | Q26: 2.4 | R26: 22.6 | S26: 0.558 | T26: 0.342 | U26: 0.392 | V26: 0.289 | W26: 0.821 | X26: 0.076 | Y26: 0.187 | Z26: 0.117 | AA26: 0.036 | AB26: 0.153 | AC26: 0.095 | AD26: 0.009 | AE26: 0.01 | AF26: 0.7 | AG26: 0.6 | AH26: 1.3 | AI26: 0 | AJ26: 0.3
A27: Jaden Ivey | B27: 2025-26 | C27: Detroit Pistons | D27: SG | E27: 24 | F27: 13 | G27: 14.8 | H27: 7977240 | I27: Low-Cost Rotation | J27: NA | K27: =H27/'Salary Cap'!B43 -> 0.051583542 | L27: =AH27/(H27/1000000) -> 0.050142656 | M27: =AJ27/(H27/1000000) -> 0.012535664 | N27: =AI27/(H27/1000000) -> -0.037606992 | O27: 7.8 | P27: 2.3 | Q27: 1.5 | R27: 25.1 | S27: 0.562 | T27: 0.325 | U27: 0.488 | V27: 0.22 | W27: 0.889 | X27: 0.135 | Y27: 0.22 | Z27: 0.147 | AA27: 0.046 | AB27: 0.123 | AC27: 0.085 | AD27: 0.02 | AE27: 0.01 | AF27: 0.1 | AG27: 0.3 | AH27: 0.4 | AI27: -0.3 | AJ27: 0.1
A28: Collin Sexton | B28: 2020-21 | C28: Cleveland Cavaliers | D28: SG | E28: 22 | F28: 60 | G28: 35.3 | H28: 4991880 | I28: Low-Cost Rotation | J28: NA | K28: =H28/'Salary Cap'!B38 -> 0.045738318 | L28: =AH28/(H28/1000000) -> 0.70113865 | M28: =AJ28/(H28/1000000) -> 0.20032533 | N28: =AI28/(H28/1000000) -> -0.040065066 | O28: 24.3 | P28: 3.1 | Q28: 4.4 | R28: 34 | S28: 0.573 | T28: 0.371 | U28: 0.239 | V28: 0.347 | W28: 0.815 | X28: 0.116 | Y28: 0.297 | Z28: 0.226 | AA28: 0.03 | AB28: 0.07 | AC28: 0.049 | AD28: 0.014 | AE28: 0.004 | AF28: 2.6 | AG28: 0.9 | AH28: 3.5 | AI28: -0.2 | AJ28: 1

Sheet Play Level Tier Definitions
A1: Play Level Tier | B1: BPM Range Lower | C1: BPM Range Upper | D1: Interpretation
A2: Minimum | B2: -100 | C2: 0 | D2: Replacement-Level / Situational Player
A3: Low-Cost Rotation | B3: 0 | C3: 0.5 | D3: Rotation-Level Contributor
A4: Mid-Level Value | B4: 0.5 | C4: 2 | D4: Solid Starter / Top Role-Player
A5: Starter / Core | B5: 2 | C5: 4 | D5: High-End Starter
A6: Near Max | B6: 4 | C6: 6 | D6: All-NBA / Clear All-Star
A7: Max Contract | B7: 6 | C7: 100 | D7: MVP / Franchise Cornerstone

Sheet Salary Tier Definitions
A1: Salary Tier | B1: % of Cap Lower | C1: % of Cap Upper | D1: Role
A2: Minimum | B2: 0 | C2: 2.5 | D2: End-of-Rotation / Developmental
A3: Low-Cost Rotation | B3: 2.5 | C3: 7 | D3: Bench / Role Player
A4: Mid-Level Value | B4: 7 | C4: 15 | D4: High-End Role / Starter
A5: Starter / Core | B5: 15 | C5: 20 | D5: Solid Starter
A6: Near Max | B6: 20 | C6: 30 | D6: Fringe All-Star
A7: Max Contract | B7: 30 | C7: 100 | D7: Franchise Player

Sheet Salary Cap
A1: Year | B1: Salary Cap
A2: 1984-85 | B2: 3600000
A3: 1985-86 | B3: 4233000
A4: 1986-87 | B4: 4945000
A5: 1987-88 | B5: 6164000
A6: 1988-89 | B6: 7232000
A7: 1989-90 | B7: 9802000
A8: 1990-91 | B8: 11871000
A9: 1991-92 | B9: 12500000
A10: 1992-93 | B10: 14000000
A11: 1993-94 | B11: 15175000
A12: 1994-95 | B12: 15964000
A13: 1995-96 | B13: 23000000
... A43: 2025-26 | B43: 154647000

Sheet Helpful Information
A1: Sheet | B1: URL
A2: Salary Cap | B2: https://www.basketball-reference.com/contracts/salary-cap-history.html
A3: Cade Cunningham | B3: https://www.basketball-reference.com/players/c/cunnica01.html
A4: Shai Gilgeous-Alexander | B4: https://www.basketball-reference.com/players/g/gilgesh01.html
A5: Stephen Curry | B5: https://www.basketball-reference.com/players/c/curryst01.html
